{"cameraMode":{"drawMode":0,"name":"Shaded","section":"Shading Mode"},"sceneLighting":false,"audioPlay":false,"sceneViewState":{"m_AlwaysRefresh":false,"showFog":true,"showSkybox":false,"showFlares":true,"showImageEffects":true,"showParticleSystems":true,"showVisualEffectGraphs":true,"m_FxEnabled":true},"in2DMode":false,"pivot":{"x":-0.35977792739868166,"y":1.9977591037750245,"z":-0.06713628768920899},"rotation":{"x":0.015742318704724313,"y":-0.13845133781433106,"z":0.002310842042788863,"w":0.990355372428894},"size":5.033148288726807,"orthographic":false}