{"cameraMode":{"drawMode":0,"name":"Shaded","section":"Shading Mode"},"sceneLighting":false,"audioPlay":false,"sceneViewState":{"m_AlwaysRefresh":false,"showFog":true,"showSkybox":false,"showFlares":true,"showImageEffects":true,"showParticleSystems":true,"showVisualEffectGraphs":true,"m_FxEnabled":true},"in2DMode":false,"pivot":{"x":-0.0001856684684753418,"y":0.8241488337516785,"z":1.4156103134155274e-7},"rotation":{"x":0.009316777810454369,"y":0.8192896246910095,"z":-0.013265330344438553,"w":0.5732249617576599},"size":1.1012990474700928,"orthographic":false}