{"cameraMode":{"drawMode":0,"name":"Shaded","section":"Shading Mode"},"sceneLighting":false,"audioPlay":false,"sceneViewState":{"m_AlwaysRefresh":false,"showFog":true,"showSkybox":false,"showFlares":true,"showImageEffects":true,"showParticleSystems":true,"showVisualEffectGraphs":true,"m_FxEnabled":true},"in2DMode":false,"pivot":{"x":0.0004000663757324219,"y":1.1058530807495118,"z":-0.5246686935424805},"rotation":{"x":0.252360463142395,"y":0.6672250628471375,"z":-0.258497416973114,"w":0.6514084935188294},"size":4.5704240798950199,"orthographic":false}